alt,density,pressure,temperature,windsE,windsN,windsV
0,1.1635,101250,299.78,-5.66,0.35,0
140.1401401,1.148184585,99600.36036,299.0272573,-5.27957958,-0.172532533,0
280.2802803,1.13292973,97982.3964,298.3005706,-4.859159159,-0.592672673,0
420.4204204,1.117996697,96403.55856,297.5776877,-4.311771772,-0.837747748,0
560.5605606,1.103683383,94865.4955,296.7948048,-3.532692693,-0.668878879,0
700.7007007,1.089928529,93358.57257,295.8957257,-2.524674675,-0.347967968,0
840.8408408,1.075470871,91874.72072,295.0612913,-1.422852853,-0.08042042,0
980.980981,1.061020921,90405.36837,294.2603103,-0.288348348,-0.344844845,0
1121.121121,1.047493493,88957.71972,293.554955,0.673063063,-1.128408408,0
1261.261261,1.033935135,87528.1982,292.9181982,1.464054054,-2.050810811,0
1401.401401,1.01995986,86114.07007,292.2931331,2.002242242,-2.651541542,0
1541.541542,1.005746446,84719,291.6355255,2.097687688,-2.735075075,0
1681.681682,0.991182282,83327.16817,291.0387688,1.773123123,-2.634654655,0
1821.821822,0.977126186,81963.07407,290.3730731,1.170530531,-2.297627628,0
1961.961962,0.963467848,80622.36136,289.6554054,0.583563564,-1.917917918,0
2102.102102,0.950275976,79303.49249,288.8582282,0.12978979,-1.485165165,0
2242.242242,0.937383283,78008.06106,288.0734434,0.124224224,-1.171291291,0
2382.382382,0.924843874,76733.43944,287.2721822,0.245335335,-1.041761762,0
2522.522523,0.912756847,75481,286.4403604,0.294234234,-1.071531532,0
2662.662663,0.900965135,74243.44845,285.5777578,0.127207207,-1.248928929,0
2802.802803,0.889267367,73023.95195,284.7123423,-0.063363363,-1.432522523,0
2942.942943,0.87770015,71825.84384,283.8165766,-0.21006006,-1.532882883,0
3083.083083,0.866353504,70645.76376,282.8833433,-0.29984985,-1.591541542,0
3223.223223,0.854968539,69468.996,281.976016,-0.56038038,-1.607677678,0
3363.363363,0.843233814,68292.54955,281.1134835,-1.026126126,-1.587327327,0
3503.503504,0.831507457,67133.44645,280.2596797,-1.668918919,-1.591751752,0
3643.643644,0.819831942,65995.23223,279.45996,-2.443133133,-1.674914915,0
3783.783784,0.808281351,64874.08108,278.6891892,-3.306216216,-1.761891892,0
3923.923924,0.796928909,63773.11111,277.9184184,-4.26029029,-1.76043043,0
4064.064064,0.785733313,62690.62863,277.1412412,-5.167197197,-1.665935936,0
4204.204204,0.774681231,61626.55255,276.3677177,-5.948498498,-1.482852853,0
4344.344344,0.763748879,60582.2953,275.6294094,-6.520770771,-1.24018018,0
4484.484484,0.75267969,59543.28028,274.9429229,-6.845175175,-0.996376376,0
4624.624625,0.741561892,58511.73273,274.2893393,-7.002162162,-0.775525526,0
4764.764765,0.730653684,57496.69369,273.5961762,-7.108858859,-0.572852853,0
4904.904905,0.719898208,56498.56757,272.8954755,-7.15950951,-0.341661662,0
5045.045045,0.709311622,55519.28829,272.2037838,-7.122972973,-0.103423423,0
5185.185185,0.698877778,54556.33333,271.5140741,-7.03037037,0.117777778,0
5325.325325,0.688641512,53609.82683,270.7983083,-6.952272272,0.322922923,0
5465.465465,0.678575766,52678.27327,270.063033,-6.867267267,0.492012012,0
5605.605606,0.668670971,51760.8999,269.3091692,-6.748228228,0.623923924,0
5745.745746,0.658986416,50862.05706,268.5338238,-6.403613614,0.717447447,0
5885.885886,0.649472703,49974.2012,267.7318619,-5.886456456,0.775765766,0
6026.026026,0.64006968,49083.03604,266.8582282,-5.181651652,0.828218218,0
6166.166166,0.630872583,48204.12312,265.9200701,-4.32991992,0.93954955,0
6306.306306,0.621862072,47338.53153,264.9445946,-3.237567568,1.121351351,0
6446.446446,0.613047097,46487.39239,263.9402302,-1.822312312,1.387537538,0
6586.586587,0.604348949,45648.94394,262.9279179,-0.307547548,1.699149149,0
6726.726727,0.595795706,44824.45045,261.9048949,1.297357357,2.016126126,0
6866.866867,0.587384735,44012.84685,260.8684985,2.942402402,2.303733734,0
7007.007007,0.579132192,43211.48048,259.7746446,4.623383383,2.548408408,0
7147.147147,0.570985465,42423.91892,258.676967,6.276906907,2.693003003,0
7287.287287,0.56290971,41648.04705,257.6153453,7.893803804,2.756186186,0
7427.427427,0.554894865,40886.71471,256.5642943,9.397987988,2.706286286,0
7567.567568,0.546989459,40134.83784,255.4794595,10.63972973,2.494324324,0
7707.707708,0.539019119,39368.14715,254.3075676,11.62932933,1.998398398,0
7847.847848,0.531022242,38610.53554,253.1724324,12.50708709,1.419039039,0
7987.987988,0.523097477,37866.42342,252.0636937,13.28633634,0.821651652,0
8128.128128,0.51527014,37137.14014,250.964975,13.92032032,0.213423423,0
8268.268268,0.507596206,36420.1972,249.8438539,14.20922923,-0.424034034,0
8408.408408,0.500051832,35716.46246,248.7235736,14.38924925,-1.08036036,0
8548.548549,0.492611491,35028.05405,247.6213213,14.51912913,-1.767597598,0
8688.688689,0.485279319,34354.06807,246.5370971,14.57660661,-2.508918919,0
8828.828829,0.478104144,33694.23423,245.4451351,14.41657658,-3.307207207,0
8968.968969,0.471068448,33048.81181,244.3451451,14.12206206,-4.092432432,0
9109.109109,0.464146386,32415.55556,243.2598599,13.8918018,-4.78008008,0
9249.249249,0.457341261,31796.28829,242.1758559,13.80507508,-5.352372372,0
9389.389389,0.450617187,31187.83784,241.0827628,13.84469469,-5.771351351,0
9529.52953,0.444026877,30589.38539,239.9767167,14.03315315,-5.887717718,0
9669.66967,0.437496426,29997.2973,238.8417417,14.34114114,-5.916066066,0
9809.80981,0.43083992,29398.21021,237.6756356,14.77825826,-5.839209209,0
9949.94995,0.424282332,28804.21021,236.4754254,15.37475475,-5.685055055,0
10090.09009,0.417796847,28216.52252,235.2662162,16.25063063,-5.413783784,0
10230.23023,0.411374525,27636.75375,234.0279279,17.363003,-5.043263263,0
10370.37037,0.405019259,27065,232.7737037,18.64555556,-4.580740741,0
10510.51051,0.398712282,26500.16817,231.5285586,20.06561562,-4.026906907,0
10650.65065,0.392465916,25941.9039,230.2789489,21.69326326,-3.361161161,0
10790.79079,0.386228889,25385.46847,228.9574875,23.55475475,-2.47985986,0
10930.93093,0.379900781,24829.96697,227.6894595,25.47447447,-1.524204204,0
11071.07107,0.373237017,24271.55856,226.5543243,27.33813814,-0.501181181,0
11211.21121,0.366571862,23719.93994,225.4303103,29.19359359,0.501841842,0
11351.35135,0.359819459,23169.18919,224.3143243,31.11864865,1.535135135,0
11491.49149,0.353059259,22622.0981,223.2255155,33.06173173,2.54958959,0
11631.63163,0.34644025,22063.3003,221.883994,35.4813013,3.413363363,0
11771.77177,0.340091562,21512.33934,220.3960661,37.81594595,3.845075075,0
11911.91191,0.333231081,21028.56857,219.868999,38.66720721,4.93028028,0
12052.05205,0.326404655,20502.2022,218.863994,39.98572573,5.637387387,0
12192.19219,0.318399399,19891.30631,217.7063664,42.03726727,5.634834835,0
12332.33233,0.31173964,19421.43944,217.1136036,42.03314314,5.906326326,0
12472.47247,0.305516096,18986.86887,216.5583684,41.18881882,6.561181181,0
12612.61261,0.298355495,18500.86486,216.0846847,40.51306306,6.58990991,0
12752.75275,0.291220711,18025.80581,215.7081181,39.58435435,6.446146146,0
12892.89289,0.284176066,17564.24024,215.4042142,38.43112112,6.203503504,0
13033.03303,0.277224775,17118.93694,215.1936637,36.91690691,5.727867868,0
13173.17317,0.270344515,16687.55355,215.1053654,35.0224024,4.962422422,0
13313.31331,0.263594274,16270.52452,215.1326627,32.78698699,3.876186186,0
13453.45345,0.257071832,15869.7958,215.1606907,30.55543544,2.540810811,0
13593.59359,0.250775085,15482.55355,215.1887187,28.46289289,1.134704705,0
13733.73373,0.244753303,15111.29229,215.2032533,26.62844845,-0.24023023,0
13873.87387,0.239094144,14750.62162,215.057027,24.91873874,-1.376666667,0
14014.01401,0.233698869,14401.94595,214.818979,23.31285285,-2.288478478,0
14154.15415,0.228436296,14064.65465,214.6195996,21.86845846,-3.046186186,0
14294.29429,0.223298258,13737.23724,214.4562763,20.54249249,-3.723183183,0
14434.43443,0.218314795,13420.55556,214.3052352,19.4224024,-4.283633634,0
14574.57457,0.213454635,13113.17317,214.137968,18.50018018,-4.708808809,0
14714.71471,0.20874,12814.24625,213.9896997,17.70054054,-4.941771772,0
14854.85485,0.204106246,12523.54755,213.8806306,16.98218218,-4.933203203,0
14994.99499,0.199552162,12239.11011,213.802002,16.31402402,-4.661011011,0
15135.13514,0.195049189,11961.13514,213.742973,15.87756757,-4.044864865,0
15275.27528,0.190578719,11687.96597,213.7375275,15.50439439,-3.303403403,0
15415.41542,0.186151331,11419.71071,213.7907908,15.19533534,-2.452882883,0
15555.55556,0.181731111,11154.55556,213.9,14.97111111,-1.564444444,0
15695.6957,0.177325586,10893.00601,214.0835435,14.8043043,-0.724964965,0
15835.83584,0.172955506,10637.13714,214.3352553,14.64266266,0.03992993,0
15975.97598,0.168612342,10385.003,214.6523423,14.38045045,0.75987988,0
16116.11612,0.164323293,10139.05465,215.0167367,13.98198198,1.430910911,0
16256.25626,0.160085435,9897.458058,215.4512713,13.4606006,2.013773774,0
16396.3964,0.155906667,9660.85045,215.9373874,12.91405405,2.507747748,0
16536.53654,0.151824094,9430.637738,216.4624925,12.33654655,2.94960961,0
16676.67668,0.14782005,9205.784084,217.0167067,11.74029029,3.362362362,0
16816.81682,0.143920901,8986.41982,217.5772673,11.15105105,3.718678679,0
16956.95696,0.140146336,8773.065866,218.1264364,10.59356356,3.995435435,0
17097.0971,0.136504895,8564.981782,218.6492593,10.07074074,4.195935936,0
17237.23724,0.13297024,8362.723123,219.1540541,9.542222222,4.306066066,0
17377.37738,0.129547467,8165.735936,219.6508208,9.015965966,4.373213213,0
17517.51752,0.126238849,7974.244044,220.1425526,8.489199199,4.404744745,0
17657.65766,0.123052703,7788.153153,220.562973,8.071261261,4.374234234,0
17797.7978,0.119948448,7606.832032,220.9833934,7.656386386,4.36022022,0
17937.93794,0.116953303,7431.208709,221.4038138,7.258948949,4.367587588,0
18078.07808,0.114049399,7259.947447,221.8164264,6.938228228,4.419039039,0
18218.21822,0.111244745,7092.866466,222.1719019,6.751781782,4.504574575,0
18358.35836,0.10852952,6929.637738,222.4883884,6.623313313,4.622522523,0
18498.4985,0.105878228,6769.802703,222.7966967,6.530900901,4.768348348,0
18638.63864,0.103318368,6614.152052,223.0695495,6.506136136,4.961821822,0
18778.77878,0.100841371,6461.74014,223.2981682,6.555145145,5.178168168,0
18918.91892,0.098426081,6312.135135,223.4845946,6.736486486,5.414054054,0
19059.05906,0.096072257,6165.991992,223.6608709,6.944494494,5.672212212,0
19199.1992,0.093770085,6022.913614,223.838959,7.178638639,5.968238238,0
19339.33934,0.091532012,5883.211411,223.9932733,7.46048048,6.28048048,0
19479.47948,0.089345658,5745.748549,224.1076877,7.854334334,6.610750751,0
19619.61962,0.087216864,5610.92022,224.2017718,8.316706707,6.972972973,0
19759.75976,0.085143922,5479.163664,224.2798799,8.799159159,7.363303303,0
19899.8999,0.083111445,5349.991892,224.3499499,9.28964965,7.76970971,0
20040.04004,0.081131641,5223.503804,224.395996,9.834184184,8.23014014,0
20180.18018,0.079191523,5098.1,224.381982,10.48684685,8.744684685,0
20320.32032,0.077289927,4975.263564,224.367968,11.1816016,9.305345345,0
20460.46046,0.075430736,4854.927227,224.3479079,11.89439439,9.906026026,0
20600.6006,0.07360633,4736.696096,224.3195796,12.62348348,10.56306306,0
20740.74074,0.071825704,4619.444444,224.2133333,13.44444444,11.29,0
20880.88088,0.070080695,4503.877678,224.071031,14.30146146,12.07910911,0
21021.02102,0.068372538,4390.525225,223.8926727,15.17033033,12.92243243,0
21161.16116,0.066699852,4279.305005,223.7043744,16.0391992,13.81143143,0
21301.3013,0.065058022,4169.287588,223.4773974,16.90793794,14.71845846,0
21441.44144,0.063451225,4060.672973,223.192973,17.75864865,15.6418018,0
21581.58158,0.06187147,3953.861161,222.8905205,18.57501502,16.60291291,0
21721.72172,0.06032345,3849.291091,222.5822122,19.35512513,17.59205205,0
21861.86186,0.058806604,3746.564565,222.2615315,20.07312312,18.58540541,0
22002.002,0.057317119,3644.974575,221.8843944,20.66740741,19.54401401,0
22142.14214,0.055863043,3545.616216,221.4835736,21.16064064,20.51235235,0
22282.28228,0.054438949,3448.142943,221.0631532,21.57039039,21.47597598,0
22422.42242,0.053045036,3352.876977,220.6327327,21.90708709,22.4391992,0
22562.56256,0.051687153,3259.421021,220.1497497,22.08876877,23.32783784,0
22702.7027,0.050364,3167.767568,219.6091892,22.10891892,24.11405405,0
22842.84284,0.049073702,3078.451852,219.0486286,22.04001001,24.85563564,0
22982.98298,0.047816941,2991.465465,218.4963664,21.88382382,25.51023023,0
23123.12312,0.046606147,2907.672973,217.9428829,21.60294294,25.94624625,0
23263.26326,0.04542865,2826.386887,217.3606206,21.17755756,26.21387387,0
23403.4034,0.044276569,2747.124725,216.7867267,20.71808809,26.44578579,0
23543.54354,0.043152264,2670.386486,216.2445345,20.21888889,26.68402402,0
23683.68368,0.04205043,2595.547648,215.7287387,19.68363363,26.94736737,0
23823.82382,0.040980036,2523.316617,215.2266166,19.03611612,27.12905906,0
23963.96396,0.039940865,2453.465766,214.7425225,18.2881982,27.24756757,0
24104.1041,0.038924902,2385.562863,214.2664565,17.47455455,27.38492492,0
24244.24424,0.037937503,2319.859159,213.803994,16.60126126,27.54866867,0
24384.38438,0.036975342,2256.127027,213.34997,15.66774775,27.69438438,0
24524.52452,0.036048836,2195.052553,212.9413313,14.61870871,27.74735736,0
24664.66466,0.035149673,2135.999499,212.536006,13.51268268,27.77,0
24804.8048,0.034275835,2078.687688,212.1260661,12.36963964,27.78,0
24944.94494,0.033430578,2023.316416,211.7241542,11.17448448,27.78449449,0
25085.08509,0.032614612,1971.014114,211.4253554,9.992302302,27.63684685,0
25225.22523,0.031826757,1921.446847,211.2071171,8.855765766,27.38702703,0
25365.36537,0.031060373,1873.341141,210.9884885,7.783223223,27.07965966,0
25505.50551,0.030313316,1826.710711,210.7928428,6.772012012,26.70293293,0
25645.64565,0.029588207,1781.667267,210.6243544,5.900900901,26.19546547,0
25785.78579,0.028881213,1738.34955,210.5099499,5.211071071,25.55396396,0
25925.92593,0.028194037,1696.403704,210.417037,4.588518519,24.81740741,0
26066.06607,0.027523186,1655.739039,210.3535736,4.051981982,23.96735736,0
26206.20621,0.026867576,1616.099499,210.32,3.608208208,22.99972973,0
26346.34635,0.026229441,1578.025526,210.3339039,3.36974975,21.85069069,0
26486.48649,0.02560573,1541.040541,210.3845946,3.239459459,20.60432432,0
26626.62663,0.024999304,1505.116717,210.4586386,3.190650651,19.24775776,0
26766.76677,0.024406247,1470.275375,210.5634134,3.253383383,17.7555956,0
26906.90691,0.023829165,1436.576877,210.6882883,3.313813814,16.28780781,0
27047.04705,0.023266753,1403.879179,210.8611612,3.612912913,14.59191191,0
27187.18719,0.022714226,1371.995696,211.0520621,3.957967968,12.83144144,0
27327.32733,0.022174429,1340.842643,211.2764565,4.356516517,10.98654655,0
27467.46747,0.021645997,1310.561962,211.5281882,4.775895896,9.095695696,0
27607.60761,0.021146449,1282.216517,211.839019,10.92054054,-8.649459459,0
27747.74775,0.020660703,1255.08018,212.1989189,11.2654955,-8.309279279,0
27887.88789,0.020188454,1228.752853,212.5772973,11.51062062,-8.113323323,0
28028.02803,0.019732871,1203.339039,212.9712813,11.63121121,-8.065605606,0
28168.16817,0.019296769,1179.011411,213.3640541,11.68045045,-8.359489489,0
28308.30831,0.01887249,1155.537437,213.7649249,11.62501502,-8.618278278,0
28448.44845,0.018462468,1132.796697,214.1853453,11.53608609,-8.955655656,0
28588.58859,0.018065066,1110.78018,214.6057658,11.42027027,-9.427777778,0
28728.72873,0.017685018,1089.705606,215.0175676,11.28425425,-10.10397397,0
28868.86887,0.01732063,1069.382883,215.4097197,11.18047047,-10.96811812,0
29009.00901,0.016965838,1049.674775,215.8152252,10.99918919,-11.79945946,0
29149.14915,0.016625025,1030.763163,216.2076176,10.83593594,-12.7637037,0
29289.28929,0.016297742,1012.481682,216.5821522,10.70856857,-13.84538539,0
29429.42943,0.01598555,994.889009,216.9365165,10.63234234,-15.04015015,0
29569.56957,0.015682817,977.9094795,217.286967,10.54825826,-16.25916917,0
29709.70971,0.015391386,961.495035,217.6323323,10.47417417,-17.5303003,0
29849.84985,0.015110796,945.6866667,217.9596396,10.39009009,-18.84357357,0
29989.98999,0.014839219,930.3740841,218.277978,10.30600601,-20.2019019,0
30130.13013,0.01459708,918.3450951,219.0487287,11.16488488,-19.87358358,0
30270.27027,0.014360946,906.6294595,219.8264865,12.12486486,-19.43216216,0
30410.41041,0.014130031,895.0021822,220.5841341,13.115996,-19.00980981,0
30550.55055,0.013903119,883.4799099,221.3027528,14.14407407,-18.61351351,0
30690.69069,0.013681616,872.0568468,221.9943844,15.19924925,-18.23513514,0
30830.83083,0.013464137,860.7604505,222.6618218,16.30972973,-17.87292292,0
30970.97097,0.013252544,849.592002,223.2993694,17.46615616,-17.52966967,0
31111.11111,0.013044889,838.5544444,223.9066667,18.66888889,-17.20555556,0
31251.25125,0.012843223,827.6785285,224.485005,19.93151151,-16.89724725,0
31391.39139,0.012646052,816.9468368,225.0364264,21.24821822,-16.59807808,0
31531.53153,0.012453748,806.3845946,225.5535135,22.62846847,-16.30693694,0
31671.67167,0.01226381,795.7656156,226.0436837,24.08688689,-15.98365365,0
31811.81181,0.012065582,784.500961,226.5077978,25.66701702,-15.5062963,0
31951.95195,0.011872865,773.4481381,226.9510511,27.30822823,-14.98777778,0
32092.09209,0.011686438,762.711001,227.3854855,29.01273273,-14.46005005,0
32232.23223,0.01150671,752.3399399,227.8034735,30.7857958,-13.92751752,0
32372.37237,0.011332982,742.2815616,228.2098799,32.62255255,-13.39498498,0
32512.51251,0.011164484,732.4653353,228.6025325,34.32997998,-12.83993994,0
32652.65265,0.01099229,722.279009,228.9668969,34.08995996,-12.17253253,0
32792.79279,0.010824577,712.2817117,229.321982,33.80513514,-11.52315315,0
32932.93293,0.010660127,702.4943343,229.6557457,33.44449449,-10.8818018,0
33073.07307,0.010499697,692.8764164,229.9780681,33.01616617,-10.25117117,0
33213.21321,0.010342465,683.4426426,230.2877477,32.51714715,-9.631861862,0
33353.35335,0.01018511,673.9025826,230.5873774,31.8978979,-8.972562563,0
33493.49349,0.010019743,663.8217217,230.8863363,31.14578579,-8.215785786,0
33633.63363,0.009856054,653.8321922,231.1906306,30.34156156,-7.451741742,0
33773.77377,0.009695941,644.0327227,231.4849249,29.50735736,-6.708998999,0
33913.91391,0.009539195,634.4208108,231.7792192,28.63095095,-5.969039039,0
34054.05405,0.009385905,625.0045946,232.0735135,27.72324324,-5.254324324,0
34194.19419,0.009235595,615.7514414,232.3583884,26.77947948,-4.549029029,0
34334.33433,0.00908873,606.696036,232.6386687,25.80279279,-3.855195195,0
34474.47447,0.008944736,597.8081081,232.9189489,24.77888889,-3.182522523,0
34614.61461,0.008803732,589.0826627,233.1977678,23.72600601,-2.522772773,0
34754.75475,0.008665814,580.5218619,233.464034,22.62196196,-1.883603604,0
34894.89489,0.008530506,572.1147748,233.7303003,21.48186186,-1.252972973,0
35035.03504,0.008387106,563.1352252,234.0035736,20.4038038,-0.635335335,0
35175.17518,0.00821351,552.1263363,234.2903504,19.60398398,0.015805806,0
35315.31532,0.008044021,541.3767568,234.5821622,18.77657658,0.624324324,0
35455.45546,0.007878728,530.8852052,234.8764565,17.91063063,1.196276276,0
35595.5956,0.007716861,520.6110811,235.1707508,17.01818819,1.733263263,0
35735.73574,0.007559233,510.6006306,235.4686186,16.09057057,2.221501502,0
35875.87588,0.007405044,500.8042142,235.7693393,15.12886887,2.675215215,0
36016.01602,0.007254403,491.2353253,236.0652352,14.12308308,3.093243243,0
36156.15616,0.00710751,481.8880781,236.3679279,13.08321321,3.466006006,0
36296.2963,0.006963681,472.7307407,236.6718519,11.99888889,3.801481481,0
36436.43644,0.006823537,463.8081481,236.9701602,10.87122122,4.099229229,0
36576.57658,0.006686521,455.0699099,237.2784685,9.699099099,4.357837838,0
36716.71672,0.006549316,446.3067868,237.5884484,8.542952953,4.545045045,0
36856.85686,0.006409696,437.3837037,237.9107708,7.472202202,4.6597998,0
36996.997,0.006273501,428.6852853,238.2330931,6.383423423,4.738498498,0
37137.13714,0.0061414,420.2477678,238.5691291,5.286616617,4.773713714,0
37277.27728,0.0060126,412.0301902,238.9054655,4.171781782,4.772272272,0
37417.41742,0.005887242,404.0363664,239.2535435,3.048918919,4.741291291,0
37557.55756,0.005761832,396.1104404,239.6614515,2.472092092,4.763313313,0
37697.6977,0.005634381,388.1598498,240.1519419,2.696316316,4.897927928,0
37837.83784,0.005510719,380.4354054,240.6524324,2.934324324,5.002702703,0
37977.97798,0.005390263,372.9037738,241.1507207,3.172562563,5.078988989,0
38118.11812,0.005272943,365.5587287,241.657037,3.410800801,5.133623624,0
38258.25826,0.00515896,358.4137838,242.1697297,3.649039039,5.155825826,0
38398.3984,0.005046583,351.3408809,242.6742342,4.172632633,5.091121121,0
38538.53854,0.004936471,344.3893193,243.1787387,4.9404004,4.943753754,0
38678.67868,0.00482934,337.6212913,243.6832432,5.645525526,4.775585586,0
38818.81882,0.004725538,331.0580981,244.1977477,6.265275275,4.581771772,0
38958.95896,0.004624798,324.6927427,244.7081481,6.802252252,4.365665666,0
39099.0991,0.004526826,318.4995495,245.2365766,7.267117117,4.131531532,0
39239.23924,0.004432167,312.498028,245.7591091,7.63025025,3.865445445,0
39379.37938,0.004340024,306.6616316,246.2916416,7.920820821,3.583303303,0
39519.51952,0.00425082,300.987027,246.8241742,8.117567568,3.265105105,0
39659.65966,0.004164208,295.4852052,247.3567067,8.21982983,2.930850851,0
39799.7998,0.004080119,290.1176276,247.8892392,8.24,2.570520521,0
39939.93994,0.003998754,284.9221922,248.4217718,8.154054054,2.174174174,0
40080.08008,0.003917473,279.7910611,249.0343844,8.26016016,1.943943944,0
40220.22022,0.003836916,274.7342042,249.683013,8.526396396,1.845845846,0
40360.36036,0.003758681,269.8034234,250.3216216,8.778648649,1.741711712,0
40500.5005,0.003682435,264.9831832,250.9521522,9.020800801,1.61954955,0
40640.64064,0.003608708,260.2988589,251.5547548,9.245025025,1.493423423,0
40780.78078,0.003536783,255.7146246,252.1573574,9.453093093,1.359219219,0
40920.92092,0.00346687,251.2430831,252.7357758,9.649289289,1.206986987,0
41061.06106,0.003398891,246.8732132,253.3103504,9.833273273,1.052832833,0
41201.2012,0.003332645,242.6040841,253.8746847,10.00144144,0.878558559,0
41341.34134,0.003268314,238.4345646,254.4170971,10.16547548,0.706256256,0
41481.48148,0.003205541,234.3551852,254.9577778,10.31148148,0.515925926,0
41621.62162,0.003144589,230.3767568,255.48,10.44594595,0.311891892,0
41761.76176,0.003085569,226.5100801,255.97999,10.64499499,0.154414414,0
41901.9019,0.003028239,222.7497898,256.4664665,10.84152152,0.028098098,0
42042.04204,0.002972477,219.0711111,256.9429429,10.94102102,-0.112042042,0
42182.18218,0.002917978,215.4743544,257.4112012,10.97,-0.252182182,0
42322.32232,0.002864874,211.9586386,257.8736637,10.91214214,-0.404554555,0
42462.46246,0.002813039,208.5159159,258.3298799,10.77504505,-0.558708709,0
42602.6026,0.002761142,205.0151952,258.7472873,10.78973974,-0.579479479,0
42742.74274,0.00270987,201.5385285,259.1396797,10.73725726,-0.551451451,0
42882.88288,0.002659611,198.1159459,259.5320721,10.53081081,-0.531711712,0
43023.02302,0.002610334,194.7643544,259.9221622,10.16172172,-0.517697698,0
43163.16316,0.002562098,191.4682983,260.3068569,9.628398398,-0.51,0
43303.3033,0.0025148,188.234024,260.6892492,8.948108108,-0.508678679,0
43443.44344,0.002468351,185.0194895,261.0772973,8.460980981,-0.43958959,0
43583.58358,0.002422719,181.8577277,261.4556757,7.970740741,-0.341491491,0
43723.72372,0.002378151,178.7528228,261.8340541,7.378498498,-0.241021021,0
43863.86386,0.002334402,175.7105405,262.206046,6.687907908,-0.128908909,0
44004.004,0.002291499,172.7159159,262.5804104,5.894774775,-0.016396396,0
44144.14414,0.002249633,169.7862162,262.9403604,4.98981982,0.10972973,0
44284.28428,0.002208489,166.9021722,263.2991391,3.986296296,0.235855856,0
44424.42442,0.002168188,164.083954,263.6510611,2.874834835,0.374424424,0
44564.56456,0.002128722,161.3080781,264.0014114,1.658918919,0.514564565,0
44704.7047,0.002090025,158.5801401,264.3412913,0.342482482,0.665175175,0
44844.84484,0.002052182,155.9124324,264.6731431,-1.095355355,0.819329329,0
44984.98498,0.002014964,153.2807808,264.9954655,-2.631831832,0.981981982,0
45125.12513,0.001979544,150.6151351,265.03,-3.503163163,0.972462462,0
45265.26527,0.001944779,147.9860661,265.0365265,-4.213273273,0.93042042,0
45405.40541,0.001910597,145.3916216,265.0505405,-4.841081081,0.888378378,0
45545.54555,0.00187696,142.8501802,265.0645546,-5.369409409,0.841781782,0
45685.68569,0.001843778,140.3447948,265.0871371,-5.808488488,0.785725726,0
45825.82583,0.00181126,137.8906306,265.1151652,-6.154234234,0.717087087,0
45965.96597,0.00177916,135.4653854,265.1497898,-6.408948949,0.647017017,0
46106.10611,0.001747644,133.088028,265.1818318,-6.573663664,0.576336336,0
46246.24625,0.001716626,130.7523123,265.2284985,-6.634624625,0.492252252,0
46386.38639,0.001686054,128.4519019,265.2759159,-6.605445445,0.39952953,0
46526.52653,0.001656076,126.1955756,265.3306106,-6.475515516,0.301431431,0
46666.66667,0.001626633,123.9733333,265.3933333,-6.466666667,0.19,0
46806.80681,0.001597818,121.8058559,265.4634034,-7.369219219,0.032512513,0
46946.94695,0.001569511,119.6757958,265.5381682,-8.625995996,-0.121641642,0
47087.08709,0.001541657,117.5824024,265.6222523,-10.026997,-0.267087087,0
47227.22723,0.001514245,115.5224825,265.7063363,-11.58128128,-0.404504505,0
47367.36737,0.001487333,113.4966466,265.7971572,-13.28882883,-0.530630631,0
47507.50751,0.001460766,111.5018919,265.8852553,-15.16288288,-0.655255255,0
47647.64765,0.001434095,109.4934034,265.9833534,-17.61953954,-0.753353353,0
47787.78779,0.001407784,107.520971,266.0902302,-19.99483483,-0.842672673,0
47927.92793,0.001381889,105.5773874,266.1895495,-22.27126126,-0.923963964,0
48068.06807,0.001356448,103.6710811,266.2876476,-24.45144144,-0.987227227,0
48208.20821,0.001331355,101.8016517,266.3957457,-26.53737738,-1.042462462,0
48348.34835,0.001306787,99.95905405,266.5035135,-28.29963964,-1.074834835,0
48488.48849,0.001282491,98.14703804,266.6384885,-29.40826827,-1.071151151,0
48628.62863,0.00125859,96.369997,266.7786286,-30.42898899,-1.067137137,0
48768.76877,0.001235184,94.62295495,266.9187688,-31.45888889,-1.06,0
48908.90891,0.001212157,92.90638038,267.0697998,-32.5085986,-1.048218218,0
49049.04905,0.001189601,91.22084484,267.223954,-33.58767768,-1.025095095,0
49189.18919,0.001167408,89.56235135,267.3781081,-34.68459459,-1.011081081,0
49329.32933,0.001145683,87.93500601,267.5422623,-35.79463463,-0.984134134,0
49469.46947,0.00112431,86.33452152,267.7033634,-36.92964965,-0.956106106,0
49609.60961,0.001103378,84.76152553,267.8815315,-38.08072072,-0.918078078,0
49749.74975,0.001082786,83.21623524,268.0496997,-39.2578979,-0.885075075,0
49889.88989,0.001062556,81.69618919,268.2268569,-40.45305305,-0.834044044,0
50030.03003,0.001043276,80.22560661,268.333964,-41.37897898,-0.775975976,0
50170.17017,0.001026039,78.86415616,268.1657958,-41.28088088,-0.670880881,0
50310.31031,0.001009065,77.52356757,267.9986587,-41.19381381,-0.560720721,0
50450.45045,0.000992367,76.20479279,267.8394595,-41.11477477,-0.43963964,0
50590.59059,0.000975948,74.90494294,267.6712913,-41.0447047,-0.318468468,0
50730.73073,0.000959827,73.6265015,267.5031231,-40.99770771,-0.189269269,0
50870.87087,0.00094395,72.36741441,267.334955,-40.95582583,-0.049129129,0
51011.01101,0.000928329,71.12687387,267.1667868,-40.9288989,0.092112112,0
51151.15115,0.00091298,69.90805405,266.9935035,-40.91488488,0.246266266,0
51291.29129,0.000897856,68.70545946,266.8204505,-40.91,0.40042042,0
51431.43143,0.000883,67.52323323,266.6422823,-40.92628629,0.567717718,0
51571.57157,0.000868378,66.35881882,266.466957,-40.96147147,0.743043043,0
51711.71171,0.000853992,65.21530631,266.2859459,-40.99351351,0.925225225,0
51851.85185,0.000839839,64.09833333,266.1177778,-41.03555556,1.107407407,0
51991.99199,0.000825884,62.99762262,265.9496096,-41.1051952,1.28039039,0
52132.13213,0.000812163,61.91783183,265.7914414,-41.20891892,1.445345345,0
52272.27227,0.000798642,60.85506707,265.6232733,-41.34227227,1.599499499,0
52412.41241,0.000785326,59.80964464,265.4551051,-41.50737738,1.742412412,0
52552.55255,0.000772669,58.815,265.2816817,-41.81918919,1.835255255,0
52692.69269,0.000760929,57.88815516,265.0994995,-42.34223223,1.849269269,0
52832.83283,0.000749391,56.9748999,264.904034,-42.87804805,1.863283283,0
52972.97297,0.000738028,56.07397297,264.7005405,-43.43189189,1.884594595,0
53113.11311,0.000726847,55.18478078,264.4903303,-43.99376376,1.902622623,0
53253.25325,0.000715852,54.30876476,264.2747948,-44.56301301,1.930650651,0
53393.39339,0.000705019,53.44082883,264.0412312,-45.273003,1.855945946,0
53533.53353,0.000694375,52.58378679,263.7896396,-46.16126126,1.6496997,0
53673.67367,0.000683881,51.73822122,263.53002,-47.04414414,1.439489489,0
53813.81381,0.000673554,50.90477477,263.2637538,-47.92702703,1.229279279,0
53953.95395,0.000663395,50.08344845,262.9920921,-48.80990991,1.019069069,0
54094.09409,0.000653381,49.27301802,262.7118118,-49.68338338,0.808858859,0
54234.23423,0.000643537,48.47557658,262.4146847,-50.56567568,0.598648649,0
54374.37437,0.000633836,47.68899099,262.1063764,-51.44855856,0.388438438,0
54514.51451,0.000624282,46.91360561,261.7966166,-52.32998999,0.188228228,0
54654.65465,0.00061488,46.14977177,261.4688288,-53.20978979,-0.016516517,0
54794.79479,0.000605613,45.3958999,261.1324925,-54.09720721,-0.212712713,0
54934.93493,0.000596487,44.65459159,260.7826627,-54.98358358,-0.408908909,0
55075.07508,0.000587921,43.95339039,260.4323123,-55.16726727,-0.507507508,0
55215.21522,0.000579851,43.28848849,260.081962,-54.78348348,-0.521521522,0
55355.35536,0.000571888,42.6325976,259.7260761,-54.46928929,-0.546606607,0
55495.4955,0.000564032,41.98381081,259.3521622,-54.22720721,-0.579099099,0
55635.63564,0.000556284,41.34457057,258.9737838,-54.05792793,-0.630690691,0
55775.77578,0.000548635,40.71352452,258.5878278,-53.96211211,-0.687887888,0
55915.91592,0.000541092,40.08981081,258.1838438,-53.93318318,-0.747957958,0
56056.05606,0.000533656,39.47403504,257.7774374,-53.97802803,-0.823633634,0
56196.1962,0.000526309,38.86547047,257.3614114,-54.08657658,-0.898098098,0
56336.33634,0.000519066,38.26657057,256.9373574,-54.27813814,-0.991801802,0
56476.47648,0.000511907,37.67326927,256.4952753,-54.53295295,-1.083533534,0
56616.61662,0.000504839,37.08804104,256.0551652,-54.85652653,-1.166646647,0
56756.75676,0.000497838,36.50702703,255.5813514,-55.27162162,-1.177297297,0
56896.8969,0.000490893,35.92975375,255.0908609,-55.72975976,-1.130930931,0
57037.03704,0.000484026,35.36037037,254.5966667,-56.22333333,-1.071481481,0
57177.17718,0.000477232,34.79729129,254.0921622,-56.74327327,-1.001411411,0
57317.31732,0.000470517,34.24076977,253.5759259,-57.291001,-0.931341341,0
57457.45746,0.000463878,33.69091592,253.0574074,-57.87132132,-0.84977978,0
57597.5976,0.000457371,33.17364865,252.695045,-57.92312312,-0.780960961,0
57737.73774,0.00045097,32.67478579,252.3907508,-57.77603604,-0.721131131,0
57877.87788,0.000444645,32.18242743,252.0964565,-57.6576977,-0.651061061,0
58018.01802,0.000438404,31.69601802,251.8021622,-57.57099099,-0.579189189,0
58158.15816,0.000432233,31.21568068,251.5078679,-57.51255255,-0.500920921,0
58298.2983,0.000426134,30.74075175,251.2234034,-57.49017017,-0.421021021,0
58438.43844,0.000420203,30.28007508,250.956967,-57.58843844,-0.301561562,0
58578.57858,0.000414369,29.82776276,250.6985586,-57.73643644,-0.161421421,0
58718.71872,0.000408608,29.38203604,250.4363063,-57.89059059,-0.021281281,0
58858.85886,0.000402928,28.94236036,250.1840541,-58.05063063,0.124744745,0
58998.999,0.00039731,28.50809309,249.9318018,-58.2187988,0.288798799,0
59139.13914,0.000391776,28.0817998,249.6795495,-58.40479479,0.456966967,0
59279.27928,0.000386306,27.66095495,249.4272973,-58.59306306,0.640990991,0
59419.41942,0.0003809,27.2461011,249.175045,-58.79718719,0.837187187,0
59559.55956,0.000375573,26.83668168,248.9287487,-58.99933934,1.039339339,0
59699.6997,0.000370301,26.43286186,248.6805405,-59.21951952,1.269489489,0
59839.83984,0.000365104,26.03605005,248.4322723,-59.43772773,1.501711712,0
59979.97998,0.000359971,25.64465566,248.186036,-59.66796797,1.761961962,0
60120.12012,0.00035515,25.28089489,248.0058559,-59.3896997,1.73993994,0
60260.26026,0.000350425,24.92674675,247.8376877,-59.04537538,1.675895896,0
60400.4004,0.000345747,24.57601101,247.6695195,-58.72911912,1.61987988,0
60540.54054,0.00034112,24.23108108,247.5013514,-58.42891892,1.573783784,0
60680.68068,0.000336548,23.88994595,247.3331832,-58.14863864,1.533863864,0
60820.82082,0.000332022,23.55344645,247.1670971,-57.8946046,1.495835836,0
60960.96096,0.000327541,23.22113213,247.0068468,-57.66855856,1.473903904,0
61101.1011,0.000323116,22.89244545,246.8486787,-57.46856857,1.45988989,0
61241.24124,0.000318737,22.56855756,246.6846346,-57.29051051,1.45,0
61381.38138,0.000314403,22.24926426,246.5304805,-57.13861862,1.45,0
61521.52152,0.000310128,21.93400701,246.3863263,-57.01493493,1.462152152,0
61661.66166,0.000305894,21.62272773,246.2321722,-56.9045045,1.463833834,0
61801.8018,0.000301687,21.31410811,246.0881982,-56.7072973,1.398918919,0
61941.94194,0.000297551,21.01182482,245.9438639,-56.49708709,1.319029029,0
62082.08208,0.00029347,20.71298599,245.7979179,-56.29508509,1.240750751,0
62222.22222,0.000289447,20.419,245.6555556,-56.10111111,1.168888889,0
62362.36236,0.000285478,20.13015716,245.5076376,-55.91892893,1.092582583,0
62502.5025,0.000281563,19.84502002,245.3567467,-55.73673674,1.018998999,0
62642.64264,0.000277816,19.56699399,245.1788288,-54.99399399,0.954414414,0
62782.78278,0.000274105,19.29257357,245.0023824,-54.24297297,0.862052052,0
62922.92292,0.000270459,19.02198799,244.8302002,-53.48392392,0.739369369,0
63063.06306,0.000266856,18.75418018,244.648018,-52.70684685,0.600630631,0
63203.2032,0.0002633,18.49004204,244.4758358,-51.92206206,0.435835836,0
63343.34334,0.000259805,18.22938138,244.2893193,-51.19362362,0.27965966,0
63483.48348,0.000256355,17.96872072,244.0764264,-50.64945946,0.214954955,0
63623.62362,0.000252941,17.71100501,243.8645646,-50.15967968,0.162912913,0
63763.76376,0.000249576,17.45658759,243.6543544,-49.6832032,0.114494494,0
63903.9039,0.000246249,17.20509009,243.4341441,-49.20711712,0.068438438,0
64044.04404,0.000242974,16.95792292,243.2239339,-48.74465465,0.016786787,0
64184.18418,0.000239725,16.71351952,243.0053053,-48.29061061,-0.033673674,0
64324.32432,0.000236528,16.47240541,242.7935135,-47.84216216,-0.077297297,0
64464.46446,0.00023336,16.2346997,242.5768569,-47.40016016,-0.125785786,0
64604.6046,0.000230228,15.9994024,242.3626326,-46.97618619,-0.171381381,0
64744.74474,0.00022714,15.76861862,242.1428829,-46.55576577,-0.217897898,0
64884.88488,0.000224088,15.53963764,241.9241842,-46.13534535,-0.265465465,0
65025.02503,0.000221037,15.31245746,241.6799399,-45.53723724,-0.277477477,0
65165.16517,0.000217903,15.07617417,241.3370871,-44.05924925,-0.151351351,0
65305.30531,0.000214814,14.8432993,240.9867367,-42.56323323,-0.025225225,0
65445.44545,0.000211773,14.61437838,240.6318418,-41.05918919,0.100900901,0
65585.58559,0.000208777,14.38820721,240.2674775,-39.54567568,0.218468468,0
65725.72573,0.000205822,14.16461061,239.9031131,-38.01958959,0.343153153,0
65865.86587,0.000202913,13.94459059,239.5387487,-36.48547548,0.469279279,0
66006.00601,0.000200049,13.72781081,239.1637838,-34.94333333,0.595405405,0
66146.14615,0.000197227,13.51385786,238.7854054,-33.38316316,0.721531532,0
66286.28629,0.000194442,13.30257057,238.407027,-31.81359359,0.847657658,0
66426.42643,0.000191697,13.09415315,238.0186486,-30.23138138,0.973783784,0
66566.56657,0.000188992,12.88881281,237.6336136,-28.64114114,1.09990991,0
66706.70671,0.000186334,12.68647648,237.2412212,-27.3325025,1.201341341,0
66846.84685,0.000183713,12.48841441,236.8488288,-26.75324324,1.229369369,0
66986.98699,0.000181129,12.29308809,236.4564364,-26.16465465,1.257397397,0
67127.12713,0.000178592,12.09983584,236.0613313,-25.57606607,1.285425425,0
67267.26727,0.000176083,11.90918919,235.6549249,-24.98747748,1.313453453,0
67407.40741,0.0001736,11.72214815,235.2485185,-24.39814815,1.340740741,0
67547.54755,0.000171186,11.53813914,234.8230931,-23.86686687,1.35,0
67687.68769,0.000168854,11.35875976,234.3518619,-23.45693694,1.341231231,0
67827.82783,0.000166546,11.18221522,233.8853854,-23.03373373,1.327217217,0
67967.96797,0.000164269,11.00771972,233.4089089,-22.58570571,1.313203203,0
68108.10811,0.000162011,10.83610811,232.9324324,-22.12243243,1.289189189,0
68248.24825,0.000159788,10.6661021,232.4511311,-21.63630631,1.27035035,0
68388.38839,0.000157582,10.49793393,231.9518018,-20.83128128,1.18045045,0
68528.52853,0.000155411,10.33133634,231.4472973,-19.63465465,0.995765766,0
68668.66867,0.000153259,10.16665766,230.9359259,-18.42944945,0.820730731,0
68808.80881,0.000151128,10.00386987,230.4174074,-17.23512513,0.659429429,0
68948.94895,0.000149026,9.843296096,229.8988889,-16.04393393,0.496156156,0
69089.08909,0.000146941,9.684707508,229.3714615,-14.86165165,0.350910911,0
69229.22923,0.000144883,9.528243243,228.8489289,-13.69447447,0.210770771,0
69369.36937,0.000142844,9.373732432,228.3163964,-12.53117117,0.077567568,0
69509.50951,0.000140824,9.221158258,227.7738639,-11.37202202,-0.038558559,0
69649.64965,0.00013883,9.070674174,227.2363664,-10.22783784,-0.154754755,0
69789.78979,0.000136854,8.921902402,226.6987988,-9.092702703,-0.261831832,0
69929.92993,0.000134904,8.775232733,226.1502803,-7.960560561,-0.357957958,0
70070.07007,0.000132809,8.615893393,225.5406707,-7.364964965,-0.385985986,0
70210.21021,0.00013058,8.444506907,224.880991,-7.294894895,-0.356936937,0
70350.35035,0.000128385,8.276533433,224.2133534,-7.21978979,-0.31992993,0
70490.49049,0.000126225,8.111264164,223.5456456,-7.126656657,-0.291901902,0
70630.63063,0.000124097,7.949258559,222.872973,-7.028558559,-0.263873874,0
70770.77077,0.000121996,7.790070571,222.2003003,-6.923383383,-0.235845846,0
70910.91091,0.000119932,7.633697998,221.5165365,-6.81018018,-0.207817818,0
71051.05105,0.000117905,7.48030961,220.8298498,-6.678948949,-0.17978979,0
71191.19119,0.000115905,7.329443043,220.1431632,-6.538808809,-0.151761762,0
71331.33133,0.000113934,7.18159009,219.4533433,-6.395535536,-0.133733734,0
71471.47147,0.000111994,7.036284384,218.7526426,-6.234234234,-0.105705706,0
71611.61161,0.000110084,6.893641942,218.0519419,-6.066066066,-0.087677678,0
71751.75175,0.000108212,6.753665766,217.3512412,-5.897897898,-0.054474474,0
71891.89189,0.000106366,6.616121622,216.6413514,-5.72972973,-0.012432432,0
72032.03203,0.000104547,6.481305506,215.9234334,-5.531951952,0.003203203,0
72172.17217,0.000102753,6.348758158,215.2019219,-5.321741742,0.017217217,0
72312.31231,0.000100997,6.218521922,214.475976,-5.087837838,0.018768769,0
72452.45245,9.92669E-05,6.090835435,213.7472472,-4.835585586,0.004754755,0
72592.59259,9.73933E-05,5.954381481,212.9907407,-5.046296296,0.027777778,0
72732.73273,9.54669E-05,5.815256456,212.21997,-5.491471471,0.06981982,0
72872.87287,9.35684E-05,5.678659059,211.4491992,-5.925905906,0.111861862,0
73013.01301,9.16996E-05,5.544741742,210.6784284,-6.359039039,0.163903904,0
73153.15315,8.98614E-05,5.413473874,209.912973,-6.774144144,0.211261261,0
73293.29329,8.80503E-05,5.284543343,209.1468869,-7.171221221,0.267317317,0
73433.43343,8.62788E-05,5.158944845,208.3727728,-7.476836837,0.373433433,0
73573.57357,8.45416E-05,5.036090991,207.5953453,-7.693003003,0.513573574,0
73713.71371,8.28343E-05,4.915825626,206.8232032,-7.852342342,0.667827828,0
73853.85385,8.11598E-05,4.798247447,206.0438038,-7.962312312,0.85001001,0
73993.99399,7.95133E-05,4.682918919,205.2636336,-8.018198198,1.050990991,0
74134.13413,7.78979E-05,4.570397497,204.4788488,-8.00975976,1.268028028,0
74274.27427,7.63114E-05,4.460091792,203.6940641,-7.945435435,1.513693694,0
74414.41441,7.4753E-05,4.352188288,202.9092793,-7.812702703,1.768828829,0
74554.55455,7.32242E-05,4.246756857,202.1244945,-7.622712713,2.054564565,0
74694.69469,7.17207E-05,4.143394094,201.3302402,-7.37954955,2.358328328,0
74834.83483,7.02477E-05,4.042532432,200.5414414,-7.052912913,2.693603604,0
74974.97497,6.88E-05,3.943717518,199.7426426,-6.672572573,3.037437437,0
75115.11512,6.72341E-05,3.838333433,198.9223323,-7.512432432,3.23964965,0
75255.25526,6.56667E-05,3.733611111,198.1095195,-8.647567568,3.416306306,0
75395.3954,6.41235E-05,3.631052152,197.2967067,-9.792242242,3.594014014,0
75535.53554,6.26101E-05,3.531082983,196.4974474,-10.95494494,3.77974975,0
75675.67568,6.11219E-05,3.433256757,195.6986486,-12.13324324,3.975945946,0
75815.81582,5.96603E-05,3.337703403,194.9114314,-13.33601602,4.172142142,0
75955.95596,5.82255E-05,3.244425025,194.1266466,-14.55241241,4.373933934,0
76096.0961,5.68142E-05,3.15312973,193.3514715,-15.79525526,4.584144144,0
76236.23624,5.54306E-05,3.064316116,192.5807007,-17.04974975,4.797977978,0
76376.37638,5.40707E-05,2.977352152,191.8175676,-18.33266266,5.022202202,0
76516.51652,5.27359E-05,2.892472673,191.0624625,-19.62525526,5.248078078,0
76656.65666,5.14251E-05,2.809655856,190.3197197,-20.83492492,5.418328328,0
76796.7968,5.01295E-05,2.728641842,189.5866567,-21.50846847,5.246406406,0
76936.93694,4.88597E-05,2.6498,188.8716216,-21.99558559,4.972432432,0
77077.07708,4.76126E-05,2.572715916,188.1569069,-22.47206206,4.678138138,0
77217.21722,4.63911E-05,2.497643744,187.4556356,-22.9350951,4.382122122,0
77357.35736,4.51942E-05,2.424503604,186.7689489,-23.38354354,4.073813814,0
77497.4975,4.40199E-05,2.353166266,186.0822623,-23.82224224,3.755755756,0
77637.63764,4.29093E-05,2.286585586,185.4819219,-24.28044044,3.364614615,0
77777.77778,4.18206E-05,2.2217,184.8933333,-24.72888889,2.972222222,0
77917.91792,4.0755E-05,2.158462362,184.3165365,-25.17554555,2.591621622,0
78058.05806,3.97131E-05,2.096844745,183.741962,-25.60417417,2.213243243,0
78198.1982,3.86911E-05,2.036767568,183.1772072,-26.02459459,1.834864865,0
78338.33834,3.76923E-05,1.978304605,182.6304805,-26.48718719,1.516326326,0
78478.47848,3.671E-05,1.921194695,182.0996296,-27.10884885,1.375065065,0
78618.61862,3.57493E-05,1.865557357,181.5811111,-27.74006006,1.266966967,0
78758.75876,3.48104E-05,1.811512913,181.0684685,-28.33678679,1.168868869,0
78898.8989,3.38912E-05,1.758811812,180.5738539,-28.9055956,1.070770771,0
79039.03904,3.29953E-05,1.707745946,180.0772673,-29.43444444,0.968768769,0
79179.17918,3.21183E-05,1.657928929,179.6007908,-29.94504505,0.864574575,0
79319.31932,3.12609E-05,1.609550751,179.1262462,-30.42182182,0.766476476,0
79459.45946,3.04246E-05,1.562459459,178.6637838,-30.86432432,0.668378378,0
79599.5996,2.96063E-05,1.51663013,178.2112813,-31.27883884,0.57028028,0
79739.73974,2.88087E-05,1.472161461,177.7668068,-31.66332332,0.482182182,0
79879.87988,2.80283E-05,1.428856757,177.3403604,-32.0196997,0.384084084,0
80020.02002,2.72627E-05,1.387074374,176.98,-32.1978979,0.312012012,0
80160.16016,2.64965E-05,1.348055956,176.986016,-31.4891992,0.396096096,0
80300.3003,2.57474E-05,1.31012042,177.0100601,-30.79855856,0.47015015,0
80440.44044,2.50195E-05,1.273185485,177.0380881,-30.12588589,0.54022022,0
80580.58058,2.43087E-05,1.237151952,177.0741742,-29.46127127,0.602232232,0
80720.72072,2.36155E-05,1.202223423,177.1282883,-28.80675676,0.656216216,0
80860.86086,2.29413E-05,1.168132533,177.1843443,-28.17612613,0.698258258,0
81001.001,2.22824E-05,1.134968769,177.2506006,-27.5555956,0.7402002,0
81141.14114,2.16435E-05,1.102760961,177.3346847,-26.94309309,0.764114114,0
81281.28128,2.10187E-05,1.071355556,177.4187688,-26.34861862,0.786256256,0
81421.42142,2.0411E-05,1.040837237,177.514995,-25.77217217,0.8,0
81561.56156,1.98197E-05,1.011233634,177.6192492,-25.20375375,0.8,0
81701.7017,1.92421E-05,0.982276767,177.7315315,-24.7582983,0.8,0
81841.84184,1.86807E-05,0.954173684,177.8576577,-24.61815816,0.8,0
81981.98198,1.81329E-05,0.926773694,177.991982,-24.46162162,0.808198198,0
82122.12212,1.76003E-05,0.900138649,178.1321221,-24.29345345,0.822212212,0
82262.26226,1.70817E-05,0.874254685,178.2784885,-24.11283283,0.836226226,0
82402.4024,1.65765E-05,0.849028138,178.4326426,-23.91663664,0.86024024,0
82542.54254,1.60888E-05,0.82490026,178.6335936,-23.5757958,0.865745746,0
82682.68268,1.56203E-05,0.802156356,178.9419019,-22.91139139,0.851731732,0
82822.82282,1.51644E-05,0.780073874,179.2624925,-22.23816817,0.813153153,0
82962.96296,1.47219E-05,0.758623704,179.5911111,-21.55777778,0.764814815,0
83103.1031,1.42907E-05,0.737749429,179.9274474,-20.86479479,0.708448448,0
83243.24324,1.38733E-05,0.717530811,180.2681081,-20.17378378,0.634054054,0
83383.38338,1.3466E-05,0.697861371,180.6267968,-19.3896997,0.516616617,0
83523.52352,1.30708E-05,0.678794314,180.9911612,-18.51415415,0.364124124,0
83663.66366,1.26871E-05,0.660285526,181.3555255,-17.65165165,0.20996997,0
83803.8038,1.23141E-05,0.642283383,181.7302703,-16.80755756,0.056196196,0
83943.94394,1.19524E-05,0.624842472,182.1086486,-15.98951952,-0.083943944,0
84084.08408,1.16006E-05,0.607871502,182.4954354,-15.19072072,-0.224084084,0
84224.22422,1.12603E-05,0.591419369,182.8878278,-14.41676677,-0.351801802,0
84364.36436,1.093E-05,0.575436136,183.2866567,-13.65886887,-0.477927928,0
84504.5045,1.06089E-05,0.559892613,183.6935135,-12.92702703,-0.604054054,0
84644.64464,1.02977E-05,0.544836597,184.1094695,-12.21677678,-0.725715716,0
84784.78478,9.99531E-06,0.530187818,184.5243544,-11.52455455,-0.837827828,0
84924.92492,9.70235E-06,0.515992462,184.9572673,-10.85285285,-0.93993994,0
85065.06507,9.42517E-06,0.502342312,185.3331431,-9.68018018,-0.967467467,0
85205.20521,9.16428E-06,0.489246326,185.6314515,-7.968058058,-0.897397397,0
85345.34535,8.91263E-06,0.47657973,185.9352252,-6.323063063,-0.827327327,0
85485.48549,8.66828E-06,0.464247117,186.2295195,-4.751111111,-0.757257257,0
85625.62563,8.43212E-06,0.452307698,186.5138138,-3.266056056,-0.674624625,0
85765.76577,8.20332E-06,0.44071036,186.8015315,-1.848918919,-0.590540541,0
85905.90591,7.9814E-06,0.429436386,187.0812212,-0.506256256,-0.506456456,0
86046.04605,7.76705E-06,0.418513664,187.3474875,0.750600601,-0.417767768,0
86186.18619,7.55885E-06,0.407897417,187.6137538,1.935345345,-0.31966967,0
86326.32633,7.35753E-06,0.397591872,187.88002,3.027447447,-0.231571572,0
86466.46647,7.16228E-06,0.387587467,188.1396396,4.045265265,-0.133473473,0
86606.60661,6.97281E-06,0.377862733,188.3918919,4.97963964,-0.034714715,0
86746.74675,6.78969E-06,0.368445365,188.6534935,5.787757758,0.077397397,0
86886.88689,6.61162E-06,0.359272352,188.9250851,6.504434434,0.18950951,0
87027.02703,6.43892E-06,0.350370811,189.1913514,7.181621622,0.317027027,0
87167.16717,6.27117E-06,0.341706086,189.4643343,7.805535536,0.457167167,0
87307.30731,6.1081E-06,0.33326033,189.7338839,8.387767768,0.618038038,0
87447.44745,5.94999E-06,0.325072282,190.0001502,8.910810811,0.781681682,0
87587.58759,5.79866E-06,0.317135095,190.2051051,9.441591592,0.876276276,0
87727.72773,5.65322E-06,0.309455475,190.3605005,9.985365365,0.928318318,0
87867.86787,5.51163E-06,0.301976577,190.5214414,10.5178979,0.963573574,0
88008.00801,5.3737E-06,0.294683193,190.6796096,11.03962963,1.001601602,0
88148.14815,5.2398E-06,0.287607407,190.842963,11.55333333,1.02962963,0
88288.28829,5.10923E-06,0.280693874,190.9971171,12.04900901,1.057657658,0
88428.42843,4.98258E-06,0.273965335,191.1327427,12.71498498,1.015785786,0
88568.56857,4.85938E-06,0.267391562,191.2517117,13.42284284,0.945715716,0
88708.70871,4.7393E-06,0.26097985,191.3778378,14.11006006,0.898258258,0
88848.84885,4.6226E-06,0.254740651,191.503964,14.74981982,0.87023023,0
88988.98899,4.50869E-06,0.248645676,191.6300901,15.36265265,0.851101101,0
89129.12913,4.39807E-06,0.242718228,191.7562162,15.9336036,0.862912913,0
89269.26927,4.29015E-06,0.236936887,191.8823423,16.4662963,0.883853854,0
89409.40941,4.18499E-06,0.231299269,192.0184685,16.97199199,0.923763764,0
89549.54955,4.08277E-06,0.225812432,192.1495495,17.43855856,0.984774775,0
89689.68969,3.98299E-06,0.220451792,192.2807207,17.86906907,1.063813814,0
89829.82983,3.88599E-06,0.215228228,192.4168468,18.26755756,1.160880881,0
89969.96997,3.79146E-06,0.210141081,192.54997,18.62492492,1.272972973,0
90110.11011,3.69764E-06,0.204828849,192.4038238,19.41672673,0.842592593,0
90250.25025,3.60589E-06,0.199580741,192.1846246,20.35672673,0.349199199,0
90390.39039,3.5163E-06,0.19444979,191.9744144,21.32369369,-0.063093093,0
90530.53053,3.42908E-06,0.189461431,191.7542042,22.33287287,-0.374954955,0
90670.67067,3.34396E-06,0.184598929,191.543994,23.37003003,-0.591871872,0
90810.81081,3.26083E-06,0.179862162,191.3437838,24.43432432,-0.714324324,0
90950.95095,3.18001E-06,0.175254094,191.1335736,25.53760761,-0.744904905,0
91091.09109,3.10099E-06,0.170763303,190.9324725,26.66783784,-0.685345345,0
91231.23123,3.02414E-06,0.166391201,190.7331532,27.82546547,-0.533153153,0
91371.37137,2.9491E-06,0.162131722,190.5372172,29.01665666,-0.287257257,0
91511.51151,2.87591E-06,0.157976166,190.3438839,30.2413013,0.053383383,0
91651.65165,2.80503E-06,0.153958589,190.1528529,31.4642042,0.449459459,0
91791.79179,2.73777E-06,0.150149159,189.989029,32.56843844,0.736046046,0
91931.93193,2.6731E-06,0.146492543,189.8480681,33.6031031,0.997057057,0
92072.07207,2.61013E-06,0.142940991,189.7079279,34.61891892,1.298558559,0
92212.21221,2.54887E-06,0.139485686,189.579009,35.60304304,1.641751752,0
92352.35235,2.48936E-06,0.13613972,189.4581181,36.55076076,2.016586587,0
92492.49249,2.43129E-06,0.132883423,189.346006,37.48045045,2.436726727,0
92632.63263,2.37345E-06,0.12958966,189.1177878,37.79547548,2.466526527,0
92772.77277,2.3165E-06,0.126353504,188.8862863,38.0046046,2.494554555,0
92912.91291,2.26074E-06,0.123183333,188.6593393,38.14645646,2.533873874,0
93053.05305,2.20612E-06,0.120093443,188.4351151,38.20061061,2.586526527,0
93193.19319,2.15249E-06,0.117066346,188.2015716,38.19136136,2.656596597,0
93333.33333,2.0996E-06,0.11408,187.9766667,37.96666667,2.646666667,0
93473.47347,2.04571E-06,0.111052973,187.7524424,37.15507508,2.200800801,0
93613.61361,1.99265E-06,0.108076837,187.5182182,36.25967968,1.707797798,0
93753.75375,1.94098E-06,0.105183423,187.293994,35.44897898,1.294864865,0
93893.89389,1.89049E-06,0.102352733,187.0791592,34.69236236,0.935265265,0
94034.03403,1.84132E-06,0.099611101,186.8589489,34.01344344,0.658738739,0
94174.17417,1.79328E-06,0.096927658,186.6487387,33.39105105,0.436156156,0
94314.31431,1.7464E-06,0.094315477,186.4485285,32.82846847,0.288548549,0
94454.45445,1.70077E-06,0.091773632,186.2437638,32.3403003,0.198218218,0
94594.59459,1.65611E-06,0.089292135,186.0475676,31.91567568,0.170540541,0
94734.73473,1.61271E-06,0.086881594,185.8548448,31.54663664,0.220840841,0
94874.87487,1.57034E-06,0.084530831,185.6726627,31.24025025,0.327387387,0
95015.01502,1.52898E-06,0.08225052,185.5084985,30.94993994,0.454984985,0
95155.15516,1.48895E-06,0.080116466,185.4944845,30.38937938,0.325875876,0
95295.2953,1.4499E-06,0.0780383,185.49,29.83834835,0.204234234,0
95435.43544,1.41207E-06,0.076025943,185.48,29.31243243,0.101651652,0
95575.57558,1.37525E-06,0.074067034,185.4724424,28.80792793,0.004654655,0
95715.71572,1.33949E-06,0.072164138,185.47,28.31656657,-0.087857858,0
95855.85586,1.30482E-06,0.070316757,185.4644144,27.84567568,-0.163513514,0
95995.996,1.27096E-06,0.068518051,185.46,27.39281281,-0.237997998,0
96136.13614,1.23819E-06,0.066775694,185.47,26.95797798,-0.294454454,0
96276.27628,1.20634E-06,0.065079447,185.47,26.53117117,-0.342882883,0
96416.41642,1.17534E-06,0.063432047,185.48,26.12403403,-0.384924925,0
96556.55656,1.14521E-06,0.061832608,185.4856557,25.73164164,-0.421311311,0
96696.6967,1.11608E-06,0.060282237,185.4803303,25.60033033,-0.449339339,0
96836.83684,1.08852E-06,0.058805634,185.4389489,26.26944945,-0.508418418,0
96976.97698,1.06157E-06,0.057366374,185.3969069,26.891001,-0.578488488,0
97117.11712,1.03525E-06,0.055965252,185.3665766,27.45162162,-0.661981982,0
97257.25726,1.00964E-06,0.054602758,185.3442743,27.93894895,-0.765805806,0
97397.3974,9.84641E-07,0.053273543,185.3302603,28.37219219,-0.887657658,0
97537.53754,9.60135E-07,0.051971898,185.3262462,28.1933033,-1.051321321,0
97677.67768,9.35761E-07,0.050671365,185.3122322,26.44795796,-1.302052052,0
97817.81782,9.1202E-07,0.04940649,185.31,24.53164164,-1.514944945,0
97957.95796,8.88917E-07,0.048177505,185.3157958,22.44165165,-1.705345345,0
98098.0981,8.66364E-07,0.046979166,185.3298098,20.20081081,-1.867907908,0
98238.23824,8.44464E-07,0.045816594,185.3476476,17.77553554,-1.990590591,0
98378.37838,8.2305E-07,0.044681838,185.3991892,15.06324324,-1.985135135,0
98518.51852,8.02125E-07,0.043575667,185.482963,12.14222222,-1.802222222,0
98658.65866,7.81733E-07,0.042499781,185.5810611,9.306826827,-1.597877878,0
98798.7988,7.618E-07,0.041449949,185.689039,6.652222222,-1.411561562,0
98938.93894,7.42433E-07,0.040432197,185.805045,4.291401401,-1.219379379,0
99079.07908,7.23513E-07,0.039440656,185.9390791,2.040550551,-1.037197197,0
99219.21922,7.05089E-07,0.038475462,186.0811411,-0.100600601,-0.856936937,0
99359.35936,6.87133E-07,0.037538041,186.2352953,-2.116966967,-0.682832833,0
99499.4995,6.69602E-07,0.036624243,186.3993994,-4.033243243,-0.510600601,0
99639.63964,6.52567E-07,0.035738045,186.5815315,-5.821531532,-0.346396396,0
99779.77978,6.3594E-07,0.034874546,186.7716917,-7.511401401,-0.184264264,0
99919.91992,6.19753E-07,0.03403507,186.9698799,-9.093143143,-0.028088088,0
100060.0601,6.03761E-07,0.033238874,187.3542643,-10.18423423,0.138078078,0
100200.2002,5.87858E-07,0.032485951,187.9708809,-10.7408008,0.33028028,0
100340.3403,5.72451E-07,0.031754844,188.5915315,-11.3053954,0.530510511,0
100480.4805,5.57451E-07,0.031039769,189.2141141,-11.87996997,0.740720721,0
100620.6206,5.42881E-07,0.030343371,189.8427928,-12.46660661,0.965055055,0
100760.7608,5.28736E-07,0.029664348,190.4734234,-13.06127127,1.203293293,0
100900.9009,5.14954E-07,0.029000829,191.1140541,-13.66387387,1.451621622,0
101041.041,5.01616E-07,0.028355674,191.7487888,-14.27058058,1.707977978,0
101181.1812,4.88619E-07,0.027725932,192.3934334,-14.89531532,1.982362362,0
101321.3213,4.76009E-07,0.027111318,193.0380781,-15.51594595,2.262642643,0
101461.4615,4.6376E-07,0.026513633,193.6888689,-16.15272272,2.549069069,0
101601.6016,4.51827E-07,0.025929481,194.3475275,-16.78672673,2.841921922,0
101741.7417,4.40276E-07,0.025362868,195.002012,-17.32522523,2.918258258,0
101881.8819,4.29022E-07,0.024811661,195.6548448,-17.7047047,2.778118118,0
102022.022,4.18108E-07,0.024275197,196.3157057,-17.95862863,2.611371371,0
102162.1622,4.07494E-07,0.023753243,196.9821622,-18.10972973,2.422972973,0
102302.3023,3.97165E-07,0.02324385,197.6512813,-18.15930931,2.216316316,0
102442.4424,3.87166E-07,0.0227503,198.337968,-18.0918018,1.987847848,0
102582.5826,3.77496E-07,0.022269219,198.9998799,-17.73444444,1.774384384,0
102722.7227,3.68156E-07,0.021802697,199.6567968,-17.29092092,1.59046046,0
102862.8629,3.59087E-07,0.02134821,200.3154555,-16.97056056,1.420850851,0
103003.003,3.50266E-07,0.020904721,200.9844144,-16.7575976,1.256996997,0
103143.1431,3.41717E-07,0.020474276,201.6614014,-16.66705706,1.116856857,0
103283.2833,3.33403E-07,0.020054649,202.3480881,-16.67498498,0.985045045,0
103423.4234,3.25605E-07,0.01965782,202.9954054,-17.10945946,0.905315315,0
103563.5636,3.1815E-07,0.019277014,203.6387487,-17.88138138,0.877287287,0
103703.7037,3.10871E-07,0.01890437,204.2974074,-18.80814815,0.86037037,0
103843.8438,3.03778E-07,0.018542198,204.9604505,-19.91267267,0.874384384,0
103983.984,2.96846E-07,0.0181882,205.6499199,-21.16265265,0.896796797,0
104124.1241,2.90097E-07,0.01784362,206.343033,-22.56812813,0.937237237,0
104264.2643,2.83512E-07,0.017507051,207.0577477,-24.11261261,0.992132132,0
104404.4044,2.77072E-07,0.01717887,207.7833433,-25.77593594,1.062642643,0
104544.5445,2.70816E-07,0.016858775,208.5260861,-27.58244244,1.146726727,0
104684.6847,2.64703E-07,0.016546847,209.2857658,-29.49711712,1.247747748,0
104824.8248,2.58742E-07,0.016242123,210.059019,-31.52237237,1.35985986,0
104964.965,2.5293E-07,0.015945574,210.8438038,-33.65046046,1.478468468,0
105105.1051,2.47154E-07,0.01565579,211.7652252,-35.58279279,1.499489489,0
105245.2452,2.41547E-07,0.015377319,212.7412412,-37.26127127,1.485475475,0
105385.3854,2.36094E-07,0.015106914,213.7362362,-38.76800801,1.462922923,0
105525.5255,2.30831E-07,0.014846544,214.7463363,-40.08696697,1.444894895,0
105665.6657,2.25726E-07,0.014594772,215.7759259,-41.22562563,1.423433433,0
105805.8058,2.2077E-07,0.014350188,216.8241241,-42.20483483,1.398838839,0
105945.9459,2.15982E-07,0.01411473,217.8937838,-43.00891892,1.375405405,0
106086.0861,2.11319E-07,0.013885541,218.9728629,-43.66017017,1.352782783,0
106226.2262,2.06811E-07,0.013664612,220.0771872,-44.15343343,1.327377377,0
106366.3664,2.02429E-07,0.013450123,221.1975676,-44.49936937,1.306726727,0
106506.5065,1.98177E-07,0.013241631,222.3333534,-44.71455455,1.278698699,0
106646.6466,1.94043E-07,0.013040295,223.4871672,-44.76134134,1.241341341,0
106786.7868,1.89946E-07,0.012839027,224.6763664,-44.60114114,1.159249249,0
106926.9269,1.85936E-07,0.01264311,225.886957,-44.35883884,1.076536537,0
107067.0671,1.82046E-07,0.012452459,227.1268969,-44.09257257,1.01987988,0
107207.2072,1.7825E-07,0.012266631,228.3855856,-43.81414414,0.989279279,0
107347.3473,1.74574E-07,0.012085869,229.6655956,-43.50583584,0.98,0
107487.4875,1.70979E-07,0.011909641,230.9636336,-43.18003003,0.988748749,0
107627.6276,1.67445E-07,0.011733742,232.2286486,-42.27213213,1.178678679,0
107767.7678,1.64003E-07,0.011560646,233.4966867,-41.33950951,1.374874875,0
107907.9079,1.60656E-07,0.011391669,234.7611712,-40.44097097,1.581071071,0
108048.048,1.57405E-07,0.011227264,236.0272372,-39.58171171,1.777267267,0
108188.1882,1.54235E-07,0.011065584,237.3025125,-38.75850851,1.973463463,0
108328.3283,1.51148E-07,0.010908556,238.5621221,-37.9556957,2.148328328,0
108468.4685,1.48155E-07,0.010753685,239.8093694,-37.12918919,2.267927928,0
108608.6086,1.45234E-07,0.010600875,241.0466166,-36.27748749,2.377747748,0
108748.7487,1.4239E-07,0.010452814,242.2987387,-35.42263263,2.498998999,0
108888.8889,1.39609E-07,0.010306556,243.5511111,-34.56777778,2.628888889,0
109029.029,1.36896E-07,0.010163971,244.8141642,-33.71002002,2.769029029,0
109169.1692,1.34247E-07,0.010024177,246.0894394,-32.84806807,2.909169169,0
109309.3093,1.31662E-07,0.009886835,247.3647147,-31.98228228,3.06024024,0
109449.4494,1.2914E-07,0.009752572,248.6449349,-31.11341341,3.219339339,0
109589.5896,1.26672E-07,0.009620744,249.9431832,-30.2535035,3.378548549,0
109729.7297,1.24268E-07,0.009491646,251.2464865,-29.38567568,3.545675676,0
109869.8699,1.2192E-07,0.009364957,252.5567768,-28.52379379,3.713843844,0
110010.01,1.19605E-07,0.009240091,253.8981081,-27.63691692,3.856986987,0
110150.1502,1.17167E-07,0.009110663,255.4116216,-26.50384384,3.684834835,0
110290.2903,1.14793E-07,0.00898439,256.9341642,-25.47893894,3.53970971,0
110430.4304,1.125E-07,0.008861799,258.4747347,-24.56437437,3.405655656,0
110570.5706,1.10265E-07,0.008742268,260.0233333,-23.7448048,3.293543544,0
110710.7107,1.08088E-07,0.008625671,261.57996,-23.01965966,3.193573574,0
110850.8509,1.05982E-07,0.008512168,263.1495295,-22.38134134,3.114574575,0
110990.991,1.03922E-07,0.00840119,264.7190991,-21.81513514,3.044504505,0
111131.1311,1.01924E-07,0.008293009,266.3048949,-21.33038038,2.987547548,0
111271.2713,9.99786E-08,0.008187289,267.9024925,-20.91044044,2.938618619,0
111411.4114,9.80806E-08,0.008083938,269.5112312,-20.54375375,2.897717718,0
111551.5516,9.62338E-08,0.007982992,271.1228428,-20.2368969,2.864534535,0
111691.6917,9.44293E-08,0.007883941,272.7436236,-19.98412412,2.804154154,0
111831.8318,9.26742E-08,0.007786563,274.3492492,-19.78861862,2.644984985,0
111971.972,9.096E-08,0.007691075,275.9676777,-19.61363363,2.490830831,0
112112.1121,8.92849E-08,0.00759733,277.5917117,-19.44667668,2.337887888,0
112252.2523,8.76515E-08,0.007505588,279.2313514,-19.29252252,2.202972973,0
112392.3924,8.60523E-08,0.007415376,280.870991,-19.14760761,2.067607608,0
112532.5325,8.44967E-08,0.007327095,282.5173774,-18.94565566,1.921201201,0
112672.6727,8.29913E-08,0.007241142,284.143003,-18.52471471,1.710990991,0
112812.8128,8.15176E-08,0.007156789,285.7699099,-18.06643644,1.512062062,0
112952.953,8.00785E-08,0.007074023,287.4148448,-17.58466466,1.326456456,0
113093.0931,7.86672E-08,0.006992599,289.0684985,-17.07555556,1.148978979,0
113233.2332,7.7288E-08,0.006912623,290.7387988,-16.52706707,0.993443443,0
113373.3734,7.59383E-08,0.006833958,292.4131431,-15.94449449,0.824614615,0
113513.5135,7.46163E-08,0.006756508,294.0921622,-15.33054054,0.645135135,0
113653.6537,7.33195E-08,0.006680066,295.7792092,-14.71392392,0.490980981,0
113793.7938,7.20433E-08,0.006604345,297.4842843,-14.09730731,0.355585586,0
113933.9339,7.07907E-08,0.006529615,299.193994,-13.47069069,0.232852853,0
114074.0741,6.95586E-08,0.006455563,300.9111111,-12.85407407,0.120740741,0
114214.2142,6.83466E-08,0.006382223,302.6462563,-12.22745746,0.031471471,0
114354.3544,6.71552E-08,0.006309653,304.3894294,-11.60540541,-0.052612613,0
114494.4945,6.59819E-08,0.006237719,306.1411812,-10.98422422,-0.127247247,0
114634.6346,6.48297E-08,0.00616651,307.8963964,-10.35414414,-0.193853854,0
114774.7748,6.36951E-08,0.006095888,309.6696396,-9.723513514,-0.24990991,0
114914.9149,6.25785E-08,0.006025887,311.4494194,-9.092882883,-0.305965966,0
115055.0551,6.14824E-08,0.005956733,313.2402102,-8.533823824,-0.439099099,0
115195.1952,6.04058E-08,0.005888535,315.048018,-8.075855856,-0.691351351,0
115335.3353,5.93483E-08,0.005820904,316.8693594,-7.592792793,-0.913003003,0
115475.4755,5.83055E-08,0.005753647,318.6911812,-7.080740741,-1.115665666,0
115615.6156,5.72789E-08,0.005686883,320.5145646,-6.539099099,-1.3003003,0
115755.7558,5.62688E-08,0.005620483,322.3448248,-5.981401401,-1.476906907,0
115895.8959,5.52731E-08,0.005554625,324.1762362,-5.397237237,-1.625895896,0
116036.036,5.42933E-08,0.005489107,326.0220721,-4.781441441,-1.772432432,0
116176.1762,5.33274E-08,0.005423954,327.8655255,-4.157207207,-1.898558559,0
116316.3163,5.23755E-08,0.005359194,329.7153754,-9.078208208,-2.023053053,0
116456.4565,5.14386E-08,0.005294843,331.5652252,-8.461591592,-2.135165165,0
116596.5966,5.05144E-08,0.005230755,333.4150751,-7.825655656,-2.237617618,0
116736.7367,4.96058E-08,0.005167195,335.2749249,-7.167337337,-2.335715716,0
116876.8769,4.87101E-08,0.005103929,337.1324625,-6.500990991,-2.433813814,0
117017.017,4.7827E-08,0.005040993,338.9963263,-5.814914915,-2.52021021,0
117157.1572,4.69573E-08,0.004978408,340.8601902,-5.114214214,-2.604294294,0
117297.2973,4.60995E-08,0.0049161,342.7240541,-4.403783784,-2.678648649,0
117437.4374,4.52551E-08,0.00485419,344.5916617,-3.685325325,-1.707957958,0
117577.5776,4.44225E-08,0.004792156,346.4307508,-4.554694695,2.288538539,0
117717.7177,4.36014E-08,0.004730186,348.2503303,-5.549219219,2.924684685,0
117857.8579,4.27935E-08,0.004668558,350.0721522,-6.328218218,2.888428428,0
117997.998,4.19973E-08,0.004607373,351.893974,-7.098988989,2.840800801,0
118138.1381,4.12137E-08,0.004546524,353.7196096,-7.85975976,2.794744745,0
118278.2783,4.0442E-08,0.004486219,355.5476176,-8.622702703,2.730860861,0
118418.4184,3.96835E-08,0.004426272,357.3694394,-9.369459459,2.662632633,0
118558.5586,3.89366E-08,0.004366888,359.1912613,-10.12036036,2.594864865,0
118698.6987,3.82008E-08,0.004307848,361.022953,-10.85323323,2.520650651,0
118838.8388,3.74785E-08,0.004249382,362.8449049,-5.90972973,2.446696697,0
118978.979,3.67672E-08,0.004191382,364.6746246,-6.674384384,2.362612613,0
119119.1191,3.60677E-08,0.004133899,366.4985485,-7.433243243,2.276616617,0
119259.2593,3.53804E-08,0.0040769,368.3262963,-8.19,2.184444444,0
119399.3994,3.47039E-08,0.004020441,370.1521922,-8.946756757,2.09042042,0
119539.5395,3.40402E-08,0.003964603,371.987968,-9.69955956,1.996276276,0
119679.6797,3.33871E-08,0.003909206,373.8238038,-10.4423023,1.904224224,0
119819.8198,3.27454E-08,0.00385441,375.6496396,-11.18504505,1.806126126,0
119959.96,3.2115E-08,0.003800215,377.4914715,-11.92778779,1.702032032,0
120100.1001,3.14956E-08,0.003746562,379.3313113,-12.66051051,1.59991992,0
120240.2402,3.08902E-08,0.00369389,381.1711712,-13.37924925,1.491831832,0
120380.3804,3.02966E-08,0.003641859,383.021021,-14.09993994,1.393733734,0
120520.5205,2.97153E-08,0.003590692,384.8708709,-14.8126026,1.285635636,0
120660.6607,2.91465E-08,0.003540283,386.7267868,-15.5133033,1.187537538,0
120800.8008,2.85889E-08,0.003490621,388.5906507,-16.21392392,1.079439439,0
120940.9409,2.80434E-08,0.003441834,390.4545145,-16.90061061,0.981341341,0
121081.0811,2.75087E-08,0.003393751,392.3183784,-17.57918919,0.883243243,0
121221.2212,2.69861E-08,0.003346412,394.1943644,-18.25186186,0.787267267,0
121361.3614,2.64749E-08,0.003299851,396.0722422,-18.9183984,0.697047047,0
121501.5015,2.59727E-08,0.003254017,397.9501201,-19.56690691,0.609099099,0
121641.6416,2.54829E-08,0.003209016,399.8321622,-20.21155155,0.525015015,0
121781.7818,2.50029E-08,0.003164639,401.7240541,-20.84801802,0.440930931,0
121921.9219,2.45337E-08,0.003121048,403.6159459,-21.47645646,0.369039039,0
122062.0621,2.40737E-08,0.003078133,405.514044,-22.09307307,0.298968969,0
122202.2022,2.36231E-08,0.003035946,407.4199499,-22.69946947,0.229119119,0
122342.3423,2.31837E-08,0.002994494,409.3258559,-23.30207207,0.173063063,0
122482.4825,2.27526E-08,0.00295368,411.2317618,-23.89642643,0.125255255,0
122622.6226,2.23318E-08,0.002913598,413.1399299,-24.47275275,0.075475475,0
122762.7628,2.19194E-08,0.002874126,415.0598498,-25.04105105,0.041171171,0
122902.9029,2.15158E-08,0.002835308,416.9797698,-25.60161161,0.00970971,0
123043.043,2.11213E-08,0.002797221,418.8996897,-26.15786787,-0.008608609,0
123183.1832,2.07351E-08,0.002759773,420.8196096,-26.70441441,-0.02,0
123323.3233,2.03572E-08,0.002722936,422.7418619,-27.2362963,-0.03,0
123463.4635,1.99877E-08,0.00268669,424.6694494,-27.75481481,-0.036346346,0
123603.6036,1.96259E-08,0.002650999,426.5997297,-28.27297297,-0.06036036,0
123743.7437,1.92731E-08,0.002616095,428.5336637,-28.7731031,-0.083123123,0
123883.8839,1.89266E-08,0.002581732,430.4675976,-29.26359359,-0.116776777,0
124024.024,1.85888E-08,0.002547882,432.4015315,-29.73927928,-0.16960961,0
124164.1642,1.82579E-08,0.002514721,434.3418819,-30.20174174,-0.225665666,0
124304.3043,1.79342E-08,0.002482114,436.2898298,-30.65377377,-0.292152152,0
124444.4444,1.76179E-08,0.002450156,438.2377778,-31.09777778,-0.366666667,0
124584.5846,1.73079E-08,0.002418738,440.1857257,-31.52375375,-0.459209209,0
124724.7247,1.70056E-08,0.00238791,442.1436737,-31.9317017,-0.557307307,0
124864.8649,1.67104E-08,0.002357619,444.0981081,-32.32513514,-0.668378378,0
125005.005,1.64208E-08,0.002327854,446.0700701,-32.70351351,-0.785005005,0
125145.1451,1.61382E-08,0.0022987,448.0365465,-33.07286286,-0.925145145,0
125285.2853,1.5861E-08,0.002270087,450.0125225,-33.42321321,-1.065285285,0
125425.4254,1.55907E-08,0.002242066,451.991041,-33.74847848,-1.220510511,0
125565.5656,1.53264E-08,0.002214515,453.981031,-34.06424424,-1.388678679,0
125705.7057,1.50677E-08,0.002187522,455.9715916,-34.36141141,-1.567417417,0
125845.8458,1.48154E-08,0.002161127,457.9755956,-34.63710711,-1.754184184,0
125985.986,1.45685E-08,0.002135179,459.9881982,-34.90337337,-1.958978979,0
126126.1261,1.43268E-08,0.002109723,462.0062162,-35.1418018,-2.169189189,0
126266.2663,1.40913E-08,0.002084771,464.0308609,-35.36602603,-2.386026026,0
126406.4064,1.38606E-08,0.002060398,466.0635335,-35.56896897,-2.620890891,0
126546.5465,1.3635E-08,0.002036434,468.1095796,-35.75585586,-2.863783784,0
126686.6867,1.34139E-08,0.00201301,470.1642943,-35.91535536,-3.116036036,0
126826.8268,1.31992E-08,0.001990054,472.227037,-36.06414414,-3.380970971,0
126966.967,1.29882E-08,0.001967552,474.3011111,-36.18357357,-3.653933934,0
127107.1071,1.27818E-08,0.001945598,476.3866066,-36.29426426,-3.944214214,0
127247.2472,1.25809E-08,0.001924018,478.4887087,-36.37362362,-4.233943944,0
127387.3874,1.23845E-08,0.001902892,480.5995495,-36.43495495,-4.533513514,0
127527.5275,1.21918E-08,0.001882309,482.7211712,-36.47550551,-4.850560561,0
127667.6677,1.2004E-08,0.001862124,484.8585485,-36.49676677,-5.165635636,0
127807.8078,1.182E-08,0.001842315,487.0102402,-36.49921922,-5.498738739,0
127947.9479,1.16411E-08,0.001822979,489.1683984,-36.47561562,-5.835075075,0
128088.0881,1.14649E-08,0.001804096,491.3441742,-36.43357357,-6.18022022,0
128228.2282,1.12938E-08,0.00178553,493.5331832,-36.37306306,-6.530570571,0
128368.3684,1.11256E-08,0.001767449,495.7333834,-36.28214214,-6.887757758,0
128508.5085,1.09622E-08,0.001749745,497.9544344,-36.18234234,-7.252122122,0
128648.6486,1.0802E-08,0.001732465,500.1783784,-36.05135135,-7.621351351,0
128788.7888,1.06446E-08,0.001715457,502.4294995,-35.90233233,-7.99972973,0
128928.9289,1.04918E-08,0.001698915,504.6886486,-35.74239239,-8.378108108,0
129069.0691,1.03418E-08,0.001682726,506.9589189,-35.5533033,-8.763393393,0
129209.2092,1.01955E-08,0.001666878,509.251031,-35.34526527,-9.155785786,0
129349.3493,1.00522E-08,0.001651421,511.5493293,-35.11610611,-9.548178178,0
129489.4895,9.91223E-09,0.001636235,513.8655255,-34.85996997,-9.940570571,0
129629.6296,9.77537E-09,0.001621419,516.1948148,-34.59074074,-10.34592593,0
129769.7698,9.64146E-09,0.001606983,518.5421321,-34.30348348,-10.74535536,0
129909.9099,9.51039E-09,0.001592819,520.8984685,-33.99720721,-11.14873874,0
130050.0501,9.38235E-09,0.001578995,523.2758458,-33.66987988,-11.55514515,0
130190.1902,9.25693E-09,0.001565442,525.6622523,-33.32452452,-11.95253253,0
130330.3303,9.13442E-09,0.001552179,528.0616817,-32.95810811,-12.35795796,0
130470.4705,9.0144E-09,0.001539217,530.4720921,-32.57972973,-12.76436436,0
130610.6106,8.89696E-09,0.001526556,532.9035636,-32.17922923,-13.16970971,0
130750.7508,8.78214E-09,0.001514185,535.3381381,-31.76267267,-13.56717718,0
130890.8909,8.66967E-09,0.001502083,537.7905906,-31.32823824,-13.96449449,0
131031.031,8.55968E-09,0.001490193,540.2561461,-30.8775976,-14.35688689,0
131171.1712,8.452E-09,0.001478564,542.7297297,-30.40801802,-14.74927928,0
131311.3113,8.34642E-09,0.001467195,545.2113413,-29.91927928,-15.13167167,0
131451.4515,8.24319E-09,0.001456035,547.7058358,-29.41477477,-15.51891892,0
131591.5916,8.14195E-09,0.001445147,550.2094895,-28.90111111,-15.88813814,0
131731.7317,8.04295E-09,0.00143442,552.7211712,-28.36624625,-16.2625025,0
131871.8719,7.94592E-09,0.001423981,555.2436937,-27.81251251,-16.61967968,0
132012.012,7.85078E-09,0.001413735,557.7674174,-27.25075075,-16.97003003,0
132152.1522,7.75763E-09,0.001403645,560.303954,-26.67096096,-17.32038038,0
132292.2923,7.6662E-09,0.00139374,562.8497197,-26.07314314,-17.65227227,0
132432.4324,7.57674E-09,0.001384095,565.4002703,-25.4572973,-17.98135135,0
132572.5726,7.48896E-09,0.001374565,567.9508208,-24.83342342,-18.28965966,0
132712.7127,7.40281E-09,0.001365261,570.5113714,-24.19152152,-18.5966967,0
132852.8529,7.31845E-09,0.001356065,573.0672072,-23.53630631,-18.88570571,0
132992.993,7.23562E-09,0.001347048,575.6317718,-22.86363363,-19.15668669,0
133133.1331,7.15441E-09,0.001338213,578.2063363,-22.17764765,-19.41963964,0
133273.2733,7.07463E-09,0.001329457,580.7709009,-21.47630631,-19.66456456,0
133413.4134,6.99631E-09,0.001320895,583.3354655,-20.76025025,-19.89012012,0
133553.5536,6.91952E-09,0.001312487,585.9053854,-20.02616617,-20.09497497,0
133693.6937,6.84399E-09,0.001304172,588.4745946,-19.28342342,-20.2818018,0
133833.8338,6.76997E-09,0.001296038,591.0357758,-18.51391391,-20.44721722,0
133973.974,6.69713E-09,0.00128791,593.5937237,-17.72834835,-20.58657658,0
134114.1141,6.62559E-09,0.001279995,596.1468769,-16.92813814,-20.70987988,0
134254.2543,6.55528E-09,0.001272116,598.6974274,-16.1098999,-20.79712713,0
134394.3944,6.48615E-09,0.001264408,601.247978,-15.27363363,-20.85775776,0
134534.5345,6.41822E-09,0.001256735,603.7850751,-14.41588589,-20.89345345,0
134674.6747,6.3514E-09,0.001249168,606.3141441,-13.53954955,-20.89253253,0
134814.8148,6.28563E-09,0.001241615,608.8351852,-12.64222222,-20.85259259,0
134954.955,6.22093E-09,0.001234242,611.3436937,-11.7118018,-20.77153153,0
135095.0951,6.15722E-09,0.001226955,613.8426927,-10.76335335,-20.65441441,0
135235.2352,6.09469E-09,0.001219668,616.3336637,-9.77982983,-20.48067067,0
135375.3754,6.03299E-09,0.001212456,618.8141441,-8.76975976,-20.26186186,0
135515.5155,5.97216E-09,0.001205309,621.2715215,-7.732082082,-19.99431431,0
135655.6557,5.9124E-09,0.001198217,623.7184084,-6.655885886,-19.6552953,0
135795.7958,5.85337E-09,0.00119121,626.1472673,-5.543633634,-19.25261261,0
135935.9359,5.79529E-09,0.001184239,628.5645045,-4.391731732,-18.77703704,0
136076.0761,5.73801E-09,0.001177296,630.9609009,-3.198138138,-18.22048048,0
136216.2162,5.68153E-09,0.001170405,633.3424324,-1.951081081,-17.50432432,0
136356.3564,5.62584E-09,0.001163539,635.6967868,-0.54952953,-15.91664665,0
136496.4965,5.57087E-09,0.001156672,638.0318418,0.874614615,-13.987998,0
136636.6366,5.51673E-09,0.001149905,640.3445045,2.238048048,-12.13372372,0
136776.7768,5.46322E-09,0.001143115,642.6414615,3.554024024,-10.33493493,0
136916.9169,5.41039E-09,0.001136388,644.9023624,4.817177177,-8.608688689,0
137057.0571,5.35829E-09,0.001129661,647.1472072,6.019279279,-6.963843844,0
137197.1972,5.30673E-09,0.001122935,649.3657157,7.167297297,-5.391111111,0
137337.3373,5.25596E-09,0.001116208,651.5487287,8.263763764,-3.922892893,0
137477.4775,5.20574E-09,0.001109481,653.7131532,9.305585586,-2.546216216,0
137617.6176,5.15612E-09,0.001102854,655.8442643,10.2997998,-1.27025025,0
137757.7578,5.10704E-09,0.001096128,657.9463664,11.22964965,-0.107937938,0
137897.8979,5.05853E-09,0.001089499,660.0190991,12.10696697,0.944654655,0
138038.038,5.01061E-09,0.001082774,662.0577477,12.93301301,1.872032032,0
138178.1782,4.96318E-09,0.001076126,664.0679479,13.70216216,2.67997998,0
138318.3183,4.91632E-09,0.001069421,666.0364565,14.41792793,3.355105105,0
138458.4585,4.86997E-09,0.001062694,667.9808809,15.07306306,3.888758759,0
138598.5986,4.82406E-09,0.001055967,669.8909409,15.68397397,4.286356356,0
138738.7387,4.77863E-09,0.001049341,671.7513514,16.22333333,4.532612613,0
138878.8789,4.73366E-09,0.001042614,673.5933133,16.71818819,4.631551552,0
139019.019,4.68921E-09,0.001035887,675.3896396,17.16325325,4.579079079,0
139159.1592,4.64518E-09,0.00102916,677.1494895,17.54381381,4.371681682,0
139299.2993,4.60152E-09,0.001022334,678.8714515,17.87838839,4.002032032,0
139439.4394,4.55839E-09,0.001015607,680.5553854,18.15099099,3.462522523,0
139579.5796,4.51561E-09,0.00100888,682.2010811,18.37936937,2.76027027,0
139719.7197,4.47328E-09,0.001002048,683.8108609,18.54971972,1.891961962,0
139859.8599,4.43136E-09,0.000995267,685.3744444,18.66591592,0.857107107,0
140000,4.3897E-09,0.00098846,686.91,18.74,-0.34,0
